"Given Name","Family Name","Home Address","Work Address","Other Address","Home Email","Work Email","Other Email","Home Phone","Work Phone","Other Phone"
"Crawley","HobbyCraft",,,,"crawley@hobbycraft.co.uk",,,,,
"CREATIVE PARTY","_C",,,,"nikki@creativepartyltd.com",,,,,
"Creissant","Bellemare",,,,,,"creissantbellemare@fleckens.hu",,,"0676 834 93 76"
"Creissant","Paradis",,,,,,"creissantparadis@fleckens.hu",,,"666 633 274"
"Creissant","Parmentier",,,,,,"creissantparmentier@gustr.com",,,"960 14 028"
"Crewe","Hobbycraft",,,,"crewe@hobbycraft.co.uk",,,,,
"Cruz","Paul",,,,,,"cruzjpaul@jourrapide.com",,,"21 222 899 5713"
"CVWOW.COM","_C",,,,"pbradley@cvwow.com",,,,,
"Cynthia","Bryant",,,,,,"cynthiagbryant@rhyta.com",,,"23 525505"
"Cynthia","Clark",,,,,,"cynthianclark@einrot.com",,,"97 115317"