"Given Name","Family Name","Home Address","Work Address","Other Address","Home Email","Work Email","Other Email","Home Phone","Work Phone","Other Phone"
"Denis","Pinette",,,,,,"denispinette@jourrapide.com",,,"(21) 6525-4838"
"Denise","Soucy",,,,,,"denisesoucy@teleworm.us",,,"0366 7350008"
"Dennis","Egger",,,,,,"dennisegger@teleworm.us",,,"(83) 654-314"
"Dennis","Neumann",,,,,,"dennisneumann@jourrapide.com",,,"24 358116"
"Deroma U.K. Ltd","_C",,,,"andy.bevan@deroma.co.uk",,,,,
"DERWENT","_C",,,,"peter.smart@acco.com",,,,,
"DESIGN OBJECTIVES LTD","_C",,,,"katec@docrafts.com",,,,,